{"schemaVersion":"1.0","appDefinitionTemplate":{"id":"/providers/Microsoft.PowerApps/apps/","type":"Microsoft.PowerApps/apps","tags":{"primaryDeviceWidth":"640","primaryDeviceHeight":"1136","sienaVersion":"20210125T232122Z-3.20124.20.0","deviceCapabilities":"","supportsPortrait":"true","supportsLandscape":"false","primaryFormFactor":"Phone","publisherVersion":"3.20124.20","minimumRequiredApiVersion":"2.2.0","hasComponent":"false","hasUnlockedComponent":"false","isUnifiedRootApp":"false"},"properties":{"appVersion":"2021-01-25T23:21:22Z","lifeCycleId":"Published","createdByClientVersion":{"major":3,"minor":20124,"build":20,"revision":0,"majorRevision":0,"minorRevision":0},"minClientVersion":{"major":3,"minor":20124,"build":20,"revision":0,"majorRevision":0,"minorRevision":0},"backgroundColor":"rgba(0, 176, 240, 1)","backgroundImageUri":"/7133204788782064608/N0844a811-2a63-4f15-9da3-40b23a549bc6-logoSmallFile","displayName":"TweetsApp","description":"","commitMessage":"","appUris":{"documentUri":{"value":"/7133204788782064608/Nccfe5a6d-fbc8-48c5-9dc0-cdb3f768e94d-document.msapp"},"imageUris":[]},"createdTime":"0001-01-01T00:00:00Z","lastModifiedTime":"0001-01-01T00:00:00Z","sharedGroupsCount":0,"sharedUsersCount":0,"icons":{"smallIconUri":"/7133204788782064608/N13945946-3e4f-4a33-93bb-beb38582cbc4-small.png","mediumIconUri":"/7133204788782064608/Nc9060f2a-e23c-495e-97cd-d68709459d5e-medium.png","largeIconUri":"/7133204788782064608/Ndc5a93c2-99a1-4755-a65c-85f3011a7eb6-large.png","wideIconUri":"/7133204788782064608/Nb535fe1d-ffb6-42e2-9fd5-481bf54efb4a-wide.png"},"connectionReferences":{},"databaseReferences":{"default.cds":{"databaseDetails":{"referenceType":"Environmental","environmentName":"default.cds"},"dataSources":{"Tweets":{"entitySetName":"cr146_tweetses","logicalName":"cr146_tweets"}}}},"almMode":"Environment","performanceOptimizationEnabled":true,"canConsumeAppPass":true,"executionRestrictions":{"isTeamsOnly":false,"dataLossPreventionEvaluationResult":{"status":"Compliant","lastEvaluationDate":"2021-01-25T23:12:35.0622156Z","violationDetails":[]}}},"isAppComponentLibrary":false,"appType":"ClassicCanvasApp","appComponents":[]}}