{"name":"c49fcf7d-7871-4c98-9941-a4ebd675f3fe","id":"/providers/Microsoft.Flow/flows/c49fcf7d-7871-4c98-9941-a4ebd675f3fe","type":"Microsoft.Flow/flows","properties":{"apiId":"/providers/Microsoft.PowerApps/apis/shared_logicflows","displayName":"Cuando se publica un tweet nuevo -> Sentimiento (V3.0)","definition":{"metadata":{"workflowEntityId":null,"flowclientsuspensionreason":"None","flowclientsuspensiontime":null,"creator":{"id":"b9898fac-80a4-48a0-b9c6-bb794e7deef8","type":"User","tenantId":"0855a3c5-180c-4c3d-a1b5-6d680fade3f6"},"provisioningMethod":"FromDefinition","failureAlertSubscription":true,"clientLastModifiedTime":"2021-01-28T21:32:57.9698521Z"},"$schema":"https://schema.management.azure.com/providers/Microsoft.Logic/schemas/2016-06-01/workflowdefinition.json#","contentVersion":"1.0.0.0","parameters":{"$connections":{"defaultValue":{},"type":"Object"},"$authentication":{"defaultValue":{},"type":"SecureObject"},"cdsruntimecertificate":{"type":"String"},"cdsruntimecertificatepassword":{"type":"SecureString"}},"triggers":{"Cuando_se_publica_un_tweet_nuevo":{"recurrence":{"frequency":"Minute","interval":3},"splitOn":"@triggerOutputs()?['body/value']","type":"OpenApiConnection","inputs":{"host":{"apiId":"/providers/Microsoft.PowerApps/apis/shared_twitter","connectionName":"shared_twitter","operationId":"OnNewTweet"},"parameters":{"searchQuery":"#powerbi"},"authentication":"@parameters('$authentication')"}}},"actions":{"Translate_text":{"runAfter":{"Detectar_sentimientos_(V2)":["Succeeded"]},"type":"OpenApiConnection","inputs":{"host":{"apiId":"/providers/Microsoft.PowerApps/apis/shared_translatorv2","connectionName":"shared_translatorv2","operationId":"Translate"},"parameters":{"to":"es","body/Text":"@triggerOutputs()?['body/TweetText']"},"authentication":"@parameters('$authentication')"}},"Detectar_sentimientos_(V2)":{"runAfter":{},"type":"OpenApiConnection","inputs":{"host":{"apiId":"/providers/Microsoft.PowerApps/apis/shared_cognitiveservicestextanalytics","connectionName":"shared_cognitiveservicestextanalytics","operationId":"DetectSentimentV3"},"parameters":{"input/documents":[{"id":"@triggerOutputs()?['body/TweetId']","text":"@triggerOutputs()?['body/TweetText']"}]},"authentication":"@parameters('$authentication')"}},"Aplicar_a_cada_uno":{"foreach":"@outputs('Detectar_sentimientos_(V2)')?['body/documents']","actions":{"Crear_un_nuevo_registro":{"runAfter":{},"type":"OpenApiConnection","inputs":{"host":{"apiId":"/providers/Microsoft.PowerApps/apis/shared_commondataserviceforapps","connectionName":"shared_commondataserviceforapps","operationId":"CreateRecord"},"parameters":{"entityName":"cr146_tweetses","item/cr146_id":"@triggerOutputs()?['body/TweetId']","item/cr146_likes":"@triggerOutputs()?['body/OriginalTweet/UserDetails/FavouritesCount']","item/cr146_retweets":"@triggerOutputs()?['body/OriginalTweet/RetweetCount']","item/cr146_sentimiento":"@items('Aplicar_a_cada_uno')?['score']","item/cr146_tweettext":"@substring(triggerOutputs()?['body/TweetText'],1,250)","item/cr146_tweet_traduccion":"@substring(outputs('Translate_text')?['body'],1,250)","item/cr146_tweetdatetime":"@triggerOutputs()?['body/CreatedAtIso']","item/cr146_ubicacion":"@triggerOutputs()?['body/UserDetails/Location']","item/cr146_url_multimedia":"@first(triggerOutputs()?['body/MediaUrls'])","item/cr146_userid":"@triggerOutputs()?['body/TweetedBy']"},"authentication":"@parameters('$authentication')"}}},"runAfter":{"Translate_text":["Succeeded"]},"type":"Foreach"}}},"connectionReferences":{"shared_translatorv2":{"connectionName":"shared-translatorv2-16ae8c7d-bbb9-4fc0-8d71-c27a-9bc38874","source":"Embedded","id":"/providers/Microsoft.PowerApps/apis/shared_translatorv2","tier":"NotSpecified"},"shared_cognitiveservicestextanalytics":{"connectionName":"shared-cognitiveserv-2e287f28-63ec-4335-a9ee-0268-079f4213","source":"Embedded","id":"/providers/Microsoft.PowerApps/apis/shared_cognitiveservicestextanalytics","tier":"NotSpecified"},"shared_commondataserviceforapps":{"connectionName":"shared-commondataser-5dec7e4f-8ae9-4fe8-a4dd-0415-dac24190","source":"Embedded","id":"/providers/Microsoft.PowerApps/apis/shared_commondataserviceforapps","tier":"NotSpecified"},"shared_twitter":{"connectionName":"shared-twitter-87df71a3-b1cd-4cd3-a8b1-aea4-5ffbc4c7","source":"Embedded","id":"/providers/Microsoft.PowerApps/apis/shared_twitter","tier":"NotSpecified"}},"flowFailureAlertSubscribed":false}}