{"name":"fe780523-be82-4c84-9e27-b1f83dc0f147","id":"/providers/Microsoft.Flow/flows/fe780523-be82-4c84-9e27-b1f83dc0f147","type":"Microsoft.Flow/flows","properties":{"apiId":"/providers/Microsoft.PowerApps/apis/shared_logicflows","displayName":"PowerApp -> Publicar un tweet","definition":{"metadata":{"workflowEntityId":null,"flowclientsuspensionreason":"None","flowclientsuspensiontime":null,"creator":{"id":"b9898fac-80a4-48a0-b9c6-bb794e7deef8","type":"User","tenantId":"0855a3c5-180c-4c3d-a1b5-6d680fade3f6"},"provisioningMethod":"FromDefinition","failureAlertSubscription":true,"clientLastModifiedTime":"2021-01-26T22:20:56.4725881Z"},"$schema":"https://schema.management.azure.com/providers/Microsoft.Logic/schemas/2016-06-01/workflowdefinition.json#","contentVersion":"1.0.0.0","parameters":{"$connections":{"defaultValue":{},"type":"Object"},"$authentication":{"defaultValue":{},"type":"SecureObject"}},"triggers":{"manual":{"type":"Request","kind":"PowerApp","inputs":{"schema":{"type":"object","properties":{"Publicaruntweet_Textodeltweet":{"type":"string","description":"Texto que se va a publicar.","x-ms-powerflows-param-ispartial":false},"Publicaruntweet_Multimedia":{"type":"string","format":"binary","description":"Elementos multimedia que se publicarán.","x-ms-powerflows-param-ispartial":false}},"required":["Publicaruntweet_Textodeltweet","Publicaruntweet_Multimedia"]}}}},"actions":{"Publicar_un_tweet":{"runAfter":{"HTTP":["Succeeded"]},"type":"OpenApiConnection","inputs":{"host":{"apiId":"/providers/Microsoft.PowerApps/apis/shared_twitter","connectionName":"shared_twitter","operationId":"Tweet"},"parameters":{"tweetText":"@triggerBody()['Publicaruntweet_Textodeltweet']","body":"@body('HTTP')"},"authentication":{"value":"@json(decodeBase64(triggerOutputs().headers['X-MS-APIM-Tokens']))['$ConnectionKey']","type":"Raw"}}},"HTTP":{"runAfter":{},"type":"Http","inputs":{"method":"GET","uri":"@triggerBody()['Publicaruntweet_Multimedia']"}}},"outputs":{}},"connectionReferences":{"shared_twitter":{"connectionName":"shared-twitter-0c4db907-4653-4e3f-8337-7bea1ee8a83e","source":"Invoker","id":"/providers/Microsoft.PowerApps/apis/shared_twitter","tier":"NotSpecified"}},"flowFailureAlertSubscribed":false}}